Index,Clause,Label
1.0,Agreement shall Subject terms conditions EULA Safe-T grants nontransferable license use Safe-T Cloud Software period license solely set forth,Licence-Metric
2.0,Agreement grants license use software pricing based usage-based license metric,Licence-Metric
3.0,Agreement Shall allows usage software network maximum bandwidth 500 megabits per second,Licence-Metric
4.0,Agreement Shall limit scope SaaS services Software set forth herein limitations based square footage,Licence-Metric
5.0,Agreement shall grants subscription license one user access user access use Microsoft Office 365 services five devices,Licence-Metric
6.0,Agreement shall grants usage-based license one user access use Google Cloud Platform services,Licence-Metric
7.0,Agreement shall grants usage-based license one user access use AWS services,Licence-Metric
8.0,Agreement shall grants perpetual license one user install use Oracle Database one device,Licence-Metric
9.0,Agreement shall grants perpetual license one user install use IBM DB2 one device,Licence-Metric
10.0,Agreement shall grants license based number users number features enabled,Licence-Metric
11.0,Agreement shall grants usage-based license based number requests processed amount compute time used,Licence-Metric
12.0,Agreement shall grants usage-based license based number executions amount compute time used,Licence-Metric
13.0,Agreement shall grants usage-based license based amount data processed number hosts monitored,Licence-Metric
14.0,Agreement shall grants license based number hosts,Licence-Metric
15.0,Agreement shall grants license based number nodes features enabled,Licence-Metric
16.0,Agreement shall grants license based number users features enabled,Licence-Metric
17.0,Agreement shall grants license based number contacts features enabled,Licence-Metric
18.0,Agreement shall specifies number transactions processed software given period time,Licence-Metric
19.0,Agreement shall specifies amount data stored software,Licence-Metric
20.0,Agreement shall specifies length time license valid,Licence-Metric
21.0,Agreement shall specifies level support included license,Licence-Metric
22.0,Agreement shall specifies specific features software enabled license,Licence-Metric
23.0,Agreement shall specifies amount disk space software use,Licence-Metric
24.0,Agreement shall specifies number API calls made software given period time,Licence-Metric
25.0,Agreement shall specifies amount CPU time software use,Licence-Metric
26.0,Agreement shall install Software one desktop laptop computer,Licence-Metric
27.0,Agreement shall specifies Level support included license standard premium,Licence-Metric
28.0,Agreement shall grants Number API calls made given period time,Licence-Metric
29.0,Agreement shall grants Number transactions processed given period time,Licence-Metric
30.0,Agreement shall grants number data processed hosts monitored,Licence-Metric
31.0,Agreement shall run Software authorized online sources via browser enabled installation one desktop laptop computer,Licence-Metric
32.0,License Agreement offers restricted non-exclusive non-transferable permit utilize Safe-T Cloud Software within license duration exclusively detailed,Licence-Metric
33.0,Agreement limited non-exclusive non-transferable license provided using Safe-T Cloud Software within specified license period described License Metric,Licence-Metric
34.0,Safe-T Cloud Software used solely according terms outlined restricted non-exclusive non-transferable license granted Agreement License Metric,Licence-Metric
35.0,Within license defined timeframe Agreement provides limited non-exclusive non-transferable license utilizing Safe-T Cloud Software accordance following terms License Metric,Licence-Metric
36.0,Agreement bestows upon non-transferable license limited scope non-exclusive nature utilization Safe-T Cloud Software license period subject conditions set forth,Licence-Metric
37.0,non-transferable license limited scope devoid exclusivity extended Agreement utilization Safe-T Cloud Software license duration subject stipulations laid License Metric,Licence-Metric
38.0,Within period license Agreement entitles non-transferable license limited scope non-exclusivity using Safe-T Cloud Software exclusively delineated herein License Metric,Licence-Metric
39.0,hereby granted license use Safe-T Cloud Software limited scope non-exclusive non-transferable duration license expressly detailed License Metric,Licence-Metric
40.0,Agreement provides non-transferable license restricted scope non-exclusivity allowing use Safe-T Cloud Software exclusively set forth herein within license period,Licence-Metric
41.0,Safe-T Cloud Software may used solely within license period defined herein non-transferable license limited scope lacks exclusivity License Metric,Licence-Metric
42.0,Within license basic standard premium levels support specified Agreement,License-Metric
43.0,Agreement outlines support levels included license encompass basic standard premium tiers License Metric,Licence-Metric
44.0,support levels incorporated license basic standard premium delineated Agreement,Licence-Metric
45.0,Agreement find details support levels encompassed license including basic standard premium,Licence-Metric
46.0,Support levels consist basic standard premium categories explicitly stated Agreement part license,Licence-Metric
47.0,Agreement makes clear support levels part license comprising basic standard premium tiers,Licence-Metric
48.0,levels support included license namely basic standard premium specified within Agreement,Licence-Metric
49.0,Within license Agreement elaborates support levels encompass basic standard premium,Licence-Metric
50.0,Agreement delineates support levels incorporated license including basic standard premium,Licence-Metric
51.0,levels support included license basic standard premium specified detail Agreement,Licence-Metric
52.0,License Metric software permitted use network maximum bandwidth 500 megabits per second according Agreement,Licence-Metric
53.0,Agreement authorizes use software network maximum bandwidth 500 megabits per second specified License Metric,Licence-Metric
54.0,software may utilized network maximum bandwidth 500 megabits per second accordance Agreement,Licence-Metric
55.0,Agreement grants permission software used network maximum bandwidth 500 megabits per second described License Metric,Licence-Metric
56.0,Agreement permits usage software network maximum bandwidth 500 megabits per second,Licence-Metric
57.0,software allowed operate network maximum bandwidth 500 megabits per second stipulated Agreement,Licence-Metric
58.0,According License Metric Agreement sanctions usage software network maximum bandwidth 500 megabits per second,Licence-Metric
59.0,software eligible operation network maximum bandwidth 500 megabits per second per terms Agreement,Licence-Metric
60.0,Agreement provides authorization software run network maximum bandwidth 500 megabits per second compliance,Licence-Metric
61.0,Agreement software utilized network maximum bandwidth 500 megabits per second,Licence-Metric
62.0,License Metric software permitted use network maximum bandwidth 500 megabits per second according Agreement,Licence-Metric
63.0,Agreement authorizes use software network maximum bandwidth 500 megabits per second specified,Licence-Metric
64.0,software may utilized network maximum bandwidth 500 megabits per second accordance Agreement,Licence-Metric
65.0,Agreement grants permission software used network maximum bandwidth 500 megabits per second described,Licence-Metric
66.0,Agreement permits usage software network maximum bandwidth 500 megabits per second,Licence-Metric
67.0,software allowed operate network maximum bandwidth 500 megabits per second stipulated Agreement,Licence-Metric
68.0,According License Metric Agreement sanctions usage software network maximum bandwidth 500 megabits per second,Licence-Metric
69.0,software eligible operation network maximum bandwidth 500 megabits per second per terms Agreement,Licence-Metric
70.0,Agreement provides authorization software run network maximum bandwidth 500 megabits per second compliance,Licence-Metric
71.0,Agreement software utilized network maximum bandwidth 500 megabits per second,Licence-Metric
72.0,Agreement offers subscription license allowing one user access utilize Microsoft Office 365 services five devices,Licence-Metric
73.0,Agreement entitles subscription license permits one user access utilize Microsoft Office 365 services five devices detailed,Licence-Metric
74.0,subscription license granted Agreement allowing one user access use Microsoft Office 365 services five devices,Licence-Metric
75.0,Agreement authorizes subscription license enabling one user access utilize Microsoft Office 365 services five devices accordance,Licence-Metric
76.0,Agreement gain subscription license access use Microsoft Office 365 services five devices,Licence-Metric
77.0,Agreement provides subscription license allowing one user access use Microsoft Office 365 services five devices specified,Licence-Metric
78.0,subscription license extended Agreement enabling one user access use Microsoft Office 365 services five devices,Licence-Metric
79.0,Agreement bestows subscription license permitting one user access use Microsoft Office 365 services five devices compliance License Metric,Licence-Metric
80.0,subscription license defined within Agreement facilitating one user's access utilization Microsoft Office 365 services five devices,Licence-Metric
,,
,,
1.0,Agreement shall Unauthorized use Safe-T Cloud Software failure comply provision EULA result automatic termination EULA make available Safe-T legal remedies,Audit/Verification-Rights
2.0,Agreement Shall audit use Services verify use complies terms Agreement,Audit/Verification-Rights
3.0,Agreement Shall Microsoft may conduct audits remotely on-premises facilities without prior notice,Audit/Verification-Rights
4.0,Agreement Shall let cooperate fully Microsoft's auditors provide information access reasonably necessary conduct audit,Audit/Verification-Rights
5.0,Agreement Shall give 7 days written notice audit use software documentation,Audit/Verification-Rights
6.0,Agreement Shall conduct audit cost,Audit/Verification-Rights
7.0,Agreement Shall ask reasonable assistance access information data auditor verfify compliance,Audit/Verification-Rights
8.0,Agreement Shall ask payement applicable use Software excess rights Agreement may discovered audit,Audit/Verification-Rights
9.0,Agreement Shall use audit process collect private information individuals,Audit/Verification-Rights
10.0,Agreement Shall use audit process promote violence,Audit/Verification-Rights
11.0,Agreement Shall use audit process seek sensitive information business operations,Audit/Verification-Rights
12.0,Agreement states licensor right audit license use software ensure compliance terms EULA,Audit/Verification-Rights
13.0,Agreement states licensor may conduct audits remotely on-premises license facilities,Audit/Verification-Rights
14.0,Agreement states licensee must cooperate licensor auditors provide necessary information access conduct audit,Audit/Verification-Rights
15.0,Agreement states licensor give licensee 7 days written notice conducting audit,Audit/Verification-Rights
16.0,Agreement states licensor conduct audit cost,Audit/Verification-Rights
17.0,Agreement states licensor may ask licensee reasonable assistance access information data auditor needs verify compliance EULA,Audit/Verification-Rights
18.0,Agreement states licensee may required pay additional fees audit reveals licensee exceeded rights EULA,Audit/Verification-Rights
19.0,Agreement States audit collection data information respect use Software shall subject privacy terms specified Privacy Policy,Audit/Verification-Rights
20.0,Agreement Shall set section shall survive two years past expiry termination applicable license,Audit/Verification-Rights
21.0,Agreement Shall reserves right conduct audits verify End-User-Licensee's compliance EULA,Audit/Verification-Rights
22.0,Agreement Shall right verify Customer compliance EULA time without notification,Audit/Verification-Rights
23.0,Agreement Shall let customer provide reasonable assistance verification efforts,Audit/Verification-Rights
24.0,Agreement Shall entitled demand payment additional License Fee period Customer correctly licensed,Audit/Verification-Rights
25.0,Agreement shall specifies Neither Party shall responsible Party costs associated Clause,Audit/Verification-Rights
26.0,Agreement Shall let Customer must keep usual proper records relating Subscription Customer use Product services agreement,Audit/Verification-Rights
27.0,Agreement Shall request customer conduct internal audit services use throughout Customer's organization comparing number user licenses use number user licenses issued and/or paid customer,Audit/Verification-Rights
28.0,Agreement States material unlicensed use found Customer must reimburse company costs company incurred verification also purchase necessary additional licenses prevailing prices within 30 days,Audit/Verification-Rights
29.0,Agreement Shall keep require Authorized Affiliates Professional Consultants keep accurate records sufficient detail enable Trimble effectively exercise rights,Audit/Verification-Rights
30.0,Agreement states licensee found breach EULA licensor may terminate agreement seek legal remedies,Audit/Verification-Rights
,,
,,
,,
1.0,agreement shall Dispute Resolution Governing Law event controversy dispute claim arising related EULA,Jurisdiction
2.0,agreement states parties shall follow dispute resolution procedures set forth licensee user residing Company,Jurisdiction
3.0,agreement Shall exclusively submitted courts country dispute arises relating agreement,Jurisdiction
4.0,agreement shall governed construed accordance laws State California legal action proceeding relating Agreement shall instituted state federal courts located Los Angeles County,Jurisdiction
5.0,agreement shall resolved binding arbitration accordance rules American Arbitration Association,Jurisdiction
6.0,agreement states parties shall submit binding arbitration accordance rules International Chamber Commerce London England,Jurisdiction
7.0,agreement shall brought competent courts habitual residence,Jurisdiction
8.0,agreement users accessing online services outside United States disputes shall subject arbitration accordance rules International Dispute Resolution Centre Dubai,Jurisdiction
9.0,agreement agree dispute resolution proceedings conducted individual basis class consolidated representative action,Jurisdiction
10.0,agreement state claims disputes arising Agreement shall within exclusive jurisdiction federal courts United States,Jurisdiction
11.0,agreement states government users disputes shall resolved accordance laws Country parties submit exclusive jurisdiction federal courts located City,Jurisdiction
12.0,agreement states legal action proceeding arising Software License Agreement shall venued state federal courts located within State Texas,Jurisdiction
13.0,agreement states may choose bring dispute Agreement courts located within place residence,Jurisdiction
14.0,agreement case disputes involving intellectual property right including patents trademarks copyrights parties agree submit jurisdiction appropriate federal courts,Jurisdiction
15.0,agreement shall constitute waiver right provision affect right either party assert later time failure exercise enforce right provision,Jurisdiction
16.0,agreement shall governed United Nations Convention Contracts International Sale Goods disputes shall resolved arbitration Geneva Switzerland,Jurisdiction
17.0,agreement states users digital services disputes shall subject exclusive jurisdiction Digital Services Arbitration Centre City,Jurisdiction
18.0,agreement governed laws Country Region disputes shall resolved courts City,Jurisdiction
19.0,agreement states using services consent personal jurisdiction courts specified Agreement legal action arising related Agreement,Jurisdiction
20.0,agreement states parties agree engage good faith negotiations necessary submit alternative dispute resolution initiating formal legal proceedings,Jurisdiction
21.0,agreement states delay failure either party assert rights claims Agreement constitute waiver rights claims shall affect ability assert later time,Jurisdiction
22.0,agreement grant third party right bring dispute claim party Agreement,Jurisdiction
23.0,agreement states Disputes related software updates patches shall subject arbitration accordance rules Software Update Resolution Center (SURC) [City],Jurisdiction
24.0,agreement outside jurisdiction European Union shall deemed invalid,Jurisdiction
25.0,agreement states legal action proceeding relating Agreement shall brought exclusively state federal courts located within Silicon Valley area California,Jurisdiction
26.0,agreement states dispute CUSTOMER WSP regard Agreement shall exclusively submitted courts New York acquired WSP Software Services United States,Jurisdiction
27.0,case dispute controversy arises relates EULA agreement shall govern resolution applicable law,Jurisdiction
28.0,EULA shall manage dispute resolution governing law whenever controversy claim arises,Jurisdiction
29.0,Whenever dispute claim concerning EULA agreement oversee resolution process applicable legal provisions,Jurisdiction
30.0,agreement charge dispute resolution applicable law whenever dispute controversy arises connection EULA,Jurisdiction
31.0,event dispute claim controversy arising related EULA agreement determine dispute resolution procedures relevant legal framework,Jurisdiction
32.0,EULA preside dispute resolution choice governing law event dispute controversy claim,Jurisdiction
33.0,Whenever dispute claim controversy arises regarding EULA agreement dictate procedures resolution governing legal principles,Jurisdiction
34.0,case dispute claim arising relating EULA agreement shall determine rules dispute resolution applicable legal system,Jurisdiction
35.0,agreement shall responsible dispute resolution selection governing law whenever dispute controversy claim arises connection EULA,Jurisdiction
36.0,Whenever controversy claim dispute arises relation EULA agreement guide process dispute resolution choice applicable law,Jurisdiction
37.0,agreement asserts licensee resides Company parties must adhere dispute resolution procedures outlined,Jurisdiction
38.0,licensee resident Company agreement mandates parties compliance specified dispute resolution procedures,Jurisdiction
39.0,event licensee resides Company agreement dictates parties shall observe dispute resolution procedures outlined,Jurisdiction
40.0,agreement stipulates licensee based Company parties obligated follow dispute resolution procedures described,Jurisdiction
41.0,licensee's residence Company agreement requires parties adhere specified dispute resolution procedures,Jurisdiction
42.0,case licensee resident Company agreement enforces parties adherence prescribed dispute resolution procedures,Jurisdiction
43.0,agreement outlines licensee situated Company parties shall abide designated dispute resolution procedures,Jurisdiction
44.0,licensee reside Company agreement compels parties comply outlined dispute resolution procedures,Jurisdiction
45.0,agreement declares licensee based Company parties must follow dispute resolution procedures specified,Jurisdiction
46.0,circumstance licensee user residing Company agreement directs parties follow stated dispute resolution procedures,Jurisdiction
47.0,agreement shall exclusively submitted courts country dispute arises relating agreement,Jurisdiction
48.0,agreement states parties shall follow dispute resolution procedures set forth licensee user residing company,Jurisdiction
49.0,agreement outlines governing law applies controversy dispute claim arising related EULA,Jurisdiction
50.0,agreement sets terms dispute resolution event controversy dispute arising EULA,Jurisdiction
51.0,agreement specifies dispute claim arising EULA shall resolved stated dispute resolution procedures,Jurisdiction
52.0,agreement requires parties follow dispute resolution procedures licensee user residing company,Jurisdiction
53.0,agreement designates courts country exclusive venue resolving disputes related agreement,Jurisdiction
54.0,agreement mandates controversy arising must submitted exclusively courts country,Jurisdiction
55.0,agreement determines governing law disputes arising specified within document,Jurisdiction
56.0,agreement compels parties adhere outlined dispute resolution procedures arising controversies,Jurisdiction
57.0,agreement shall governed construed accordance laws State California,Jurisdiction
58.0,legal action proceeding relating Agreement shall instituted state federal courts,Jurisdiction
59.0,legal action proceeding shall instituted state federal courts located Los Angeles County,Jurisdiction
60.0,courts designated venues handling legal action proceeding related Agreement,Jurisdiction
61.0,Agreement specifies governing law laws State California,Jurisdiction
62.0,accordance governing law legal matters arising Agreement must addressed,Jurisdiction
63.0,choice law venue outlined within Agreement clarity,Jurisdiction
64.0,Agreement ensures legal actions proceedings conducted laws California,Jurisdiction
65.0,Legal action proceedings related Agreement must initiated within state federal courts,Jurisdiction
66.0,Agreement's terms clear regarding jurisdiction governing law resolving legal matters,Jurisdiction
67.0,agreement shall resolved binding arbitration,Jurisdiction
68.0,resolution accordance rules American Arbitration Association,Jurisdiction
69.0,Agreement specifies method dispute resolution,Jurisdiction
70.0,clearly outlines resolution achieved binding arbitration,Jurisdiction
71.0,use binding arbitration governed specific rules,Jurisdiction
72.0,rules American Arbitration Association,Jurisdiction
73.0,Agreement designates arbitration chosen method dispute resolution,Jurisdiction
74.0,rules American Arbitration Association provide framework process,Jurisdiction
75.0,Binding arbitration agreed-upon approach settling disputes arising Agreement,Jurisdiction
76.0,American Arbitration Association's rules guiding principles arbitration process,Jurisdiction
77.0,agreement pertains users accessing online services outside United States,Jurisdiction
78.0,Disputes involving users shall subject arbitration,Jurisdiction
79.0,arbitration conducted accordance specific rules,Jurisdiction
80.0,rules International Dispute Resolution Centre Dubai,Jurisdiction
81.0,users located outside United States Agreement applicable,Jurisdiction
82.0,Agreement governs terms accessing online services internationally,Jurisdiction
83.0,Users residing abroad bound terms outlined Agreement,Jurisdiction
84.0,disputes arise arbitration chosen method resolution,Jurisdiction
85.0,process arbitration follows established rules,Jurisdiction
86.0,rules specifically International Dispute Resolution Centre Dubai,Jurisdiction
87.0,Users outside United States encompassed Agreement,Jurisdiction
88.0,International users accessing online services subject terms,Jurisdiction
89.0,Agreement applies individuals entities accessing services globally,Jurisdiction
90.0,disagreements occur arbitration designated process,Jurisdiction
91.0,rules governing arbitration outlined International Dispute Resolution Centre Dubai,Jurisdiction
92.0,Users situated abroad included scope Agreement,Jurisdiction
93.0,accessing online services internationally must adhere terms,Jurisdiction
94.0,Agreement establishes guidelines users worldwide,Jurisdiction
95.0,cases dispute arbitration serves primary method resolution,Jurisdiction
96.0,arbitration process follows specific rules International Dispute Resolution Centre Dubai,Jurisdiction
97.0,agreement also take account applicable legal provisions,Jurisdiction
98.0,event dispute claim EULA guiding document,Jurisdiction
99.0,dictate procedures resolving matters,Jurisdiction
100.0,Whenever disputes claims arise agreement takes charge,Jurisdiction
101.0,determines steps necessary resolution,Jurisdiction
102.0,considers legal provisions apply,Jurisdiction
103.0,dispute claim EULA plays central role,Jurisdiction
104.0,ensures adherence prescribed resolution process relevant legal provisions,Jurisdiction
,,
,,
,,
,,
1.0,agreement may terminate immediately breach terms fail comply policies provide,Termination
2.0,agreement states Failure pay required fees within specified timeframes may result immediate termination Agreement,Termination
3.0,agreement states use software services unauthorized purposes violation applicable laws reserve right terminate Agreement,Termination
4.0,agreement shall terminate Misuse resources including excessive bandwidth system resources,Termination
5.0,agreement shall terminate due prolonged inactivity,Termination
6.0,agreement shall terminate login usage certain time,Termination
7.0,agreement shall terminate found Engaging activities compromise security integrity services,Termination
8.0,agreement shall terminate Infringing intellectual property rights rights others,Termination
9.0,agreement shall terminate unauthorized access misuse personal data privacy violations,Termination
10.0,agreement shall terminate found Violations export control laws regulations,Termination
11.0,agreement shall terminate unable perform obligations due unforeseen circumstances beyond control,Termination
12.0,agreement shall terminate organization become insolvent file bankruptcy,Termination
13.0,agreement shall terminate upon expiration license period,Termination
14.0,agreement shall terminate business undergoes substantial change direction ownership,Termination
15.0,agreement shall terminate found event merger acquisition,Termination
16.0,agreement shall terminate changes regulatory requirements make impossible continue,Termination
17.0,agreement shall terminate relocate data center services affected,Termination
18.0,agreement shall terminate excessive use resources violation fair usage policy,Termination
19.0,agreement shall terminate failure perform obligations meet milestones specified,Termination
20.0,agreement shall terminate hosting distributing infringing content,Termination
21.0,agreement shall terminate reason [specific notice period] without penalty,Termination
22.0,agreement shall terminate violations acceptable use policy,Termination
23.0,agreement shall terminate change applicable laws regulations makes impossible continue Agreement,Termination
24.0,agreement shall terminate failure provide accurate up-to-date contact information,Termination
25.0,agreement shall terminate discontinue provision specific services software,Termination
26.0,agreement shall terminate engaging conduct violates established code conduct,Termination
27.0,agreement shall terminate substantial changes made terms Agreement,Termination
28.0,agreement shall terminate breach Agreement occurs cured within specified notice period,Termination
29.0,agreement shall terminate disrupting interfering proper operation service,Termination
30.0,agreement shall terminate unauthorized disclosure confidential information violation nondisclosure agreement,Termination
31.0,agreement subject termination certain conditions met,Termination
32.0,termination clause becomes applicable specific terms violated,Termination
33.0,Immediate termination possible upon breach agreement's terms,Termination
34.0,Breaching stipulated terms triggers termination process,Termination
35.0,terms violated agreement allows immediate termination,Termination
36.0,Failure comply policies provide lead termination,Termination
37.0,Termination becomes option non-compliance occurs,Termination
38.0,breach terms non-compliance activates termination clause,Termination
39.0,case policy violations agreement terminated,Termination
40.0,Immediate termination may result breaches policy non-compliance,Termination
41.0,agreement may terminate immediately breach terms,Termination
42.0,Breaching terms agreement could lead immediate termination,Termination
43.0,Termination may occur swiftly agreement's terms violated,Termination
44.0,Violating terms may result agreement's termination without delay,Termination
45.0,Immediate termination possible upon breaching terms agreement,Termination
46.0,agreement provisions swift termination case breaches,Termination
47.0,breach terms agreement allows immediate termination,Termination
48.0,agreement outlines possibility quick termination violations,Termination
49.0,Swift termination consequence breaches agreement,Termination
50.0,agreement terms emphasize potential immediate termination,Termination
51.0,agreement also terminate fail comply policies provide,Termination
52.0,Non-compliance provided policies may lead termination agreement,Termination
53.0,Termination could result adhering policies provide,Termination
54.0,agreement mentions failing follow provided policies result termination,Termination
55.0,Non-compliance policies grounds terminating agreement,Termination
56.0,comply policies provide agreement terminated,Termination
57.0,Termination may triggered lack compliance policies,Termination
58.0,agreement allows termination provided policies followed,Termination
59.0,adhering policies provide could lead agreement's termination,Termination
60.0,Failing comply provided policies explicitly linked termination agreement,Termination
61.0,Termination could happen due failure pay required fees within specified timeframes,Termination
62.0,failure pay required fees within specified timeframes may result termination,Termination
63.0,Termination possible consequence meeting payment deadlines,Termination
64.0,agreement makes clear failing pay fees within specified timeframes lead termination,Termination
65.0,Non-payment within specified timeframes grounds termination,Termination
66.0,fees paid within specified timeframes termination potential outcome,Termination
67.0,agreement allows termination required fees paid time,Termination
68.0,meeting payment deadlines could result agreement's termination,Termination
69.0,Failure pay fees within specified timeframes explicitly linked termination agreement,Termination
70.0,Termination may occur required fees paid within specified timeframes,Termination
71.0,Swift termination consequence violating agreement cases,Termination
72.0,Violation agreement situations results swift termination,Termination
73.0,Termination prompt agreement violated cases,Termination
74.0,agreement stipulates swift termination violations instances,Termination
75.0,violation agreement leads immediate termination,Termination
76.0,Violating agreement situations triggers swift termination,Termination
77.0,Swift termination explicitly mentioned violations cases,Termination
78.0,Termination swift agreement violated circumstances,Termination
79.0,agreement specifies prompt termination violations occurring cases,Termination
80.0,agreement states prolonged inactivity may lead termination,Termination
81.0,Prolonged inactivity grounds termination specified agreement,Termination
82.0,agreement allows termination cases extended inactivity,Termination
83.0,login usage certain time termination possibility according agreement,Termination
84.0,agreement explicitly mentions termination event prolonged inactivity,Termination
85.0,Termination potential outcome extended periods inactivity per agreement,Termination
86.0,agreement stipulates login usage certain time trigger termination,Termination
87.0,Extended inactivity result termination outlined agreement,Termination
88.0,agreement emphasizes possibility termination due prolonged inactivity,Termination
89.0,agreement allows termination login usage certain time,Termination
90.0,Termination may occur login usage within specified timeframe stated agreement,Termination
91.0,agreement specifies termination possible login usage certain time,Termination
92.0,Inactivity specified period trigger termination according agreement,Termination
93.0,Termination explicitly mentioned consequence login usage certain time agreement,Termination
94.0,agreement highlights potential termination absence login usage,Termination
95.0,Non-engagement within specified timeframe result termination per agreement,Termination
96.0,agreement outlines termination activities compromising security integrity occur,Termination
97.0,agreement explicitly mentions termination consequence activities compromising security integrity,Termination
98.0,agreement allows termination cases activities compromise security integrity,Termination
99.0,Termination outlined agreement infringement intellectual property rights,Termination
100.0,agreement specifies infringement intellectual property rights result termination,Termination
,,
,,
,,
,,
,,
1.0,agreement shall limited amount paid software service,Liability
2.0,company shall liable direct-indirect-incidental-special consequential damages,Liability
3.0,event shall company's liability exceed amount paid user software services,Liability
4.0,user agrees indemnify hold company harmless damages,Liability
5.0,company disclaims warranties including fitness particular purpose non-infringement,Liability
6.0,company responsible third-party content services accessed software,Liability
7.0,Liability limited maximum extent permitted applicable law,Liability
8.0,company shall liable loss data data breaches,Liability
9.0,action company must brought within specified time frame,Liability
10.0,company liable interruptions downtime software services,Liability
11.0,user acknowledges software may contain bugs errors company liable resulting issues,Liability
12.0,company responsible unauthorized access user's account,Liability
13.0,user assumes risks associated use software services,Liability
14.0,company shall liable damages resulting use third-party hardware software,Liability
15.0,user solely responsible backup data recovery,Liability
16.0,company liable loss profits business opportunities,Liability
17.0,user agrees company liable viruses malware transmitted software services,Liability
18.0,company liable actions taken law enforcement agencies,Liability
19.0,Liability excluded acts God unforeseen events,Liability
20.0,company liable inaccuracies errors content provided software,Liability
21.0,user agrees company's liability limited even advised possibility damages,Liability
22.0,Liability breach agreement limited extent permitted law,Liability
23.0,company shall liable loss confidential sensitive information,Liability
24.0,user acknowledges company liable actions users software,Liability
25.0,company liable delay failure perform obligations due circumstances beyond control,Liability
26.0,Liability security breaches limited company's efforts maintain security,Liability
27.0,user agrees company liable disputes users,Liability
28.0,company liable damage user's computer devices,Liability
29.0,Liability violation intellectual property rights limited specified remedy,Liability
30.0,company liable consequential damages resulting security breach,Liability
31.0,user acknowledges company liable availability third-party services integrated software,Liability
32.0,Liability excluded actions taken protect company's intellectual property,Liability
33.0,company shall liable errors omissions software services,Liability
34.0,user agrees company liable unauthorized modifications software,Liability
35.0,Liability breach privacy limited company's privacy policy,Liability
36.0,company liable loss access software services due user actions,Liability
37.0,Liability violation export control laws limited extent permitted law,Liability
38.0,user agrees company liable actions employees contractors,Liability
39.0,company shall liable defamation harm caused user-generated content,Liability
40.0,Liability excluded unauthorized use user's account,Liability
41.0,user acknowledges company liable accuracy content provided third parties,Liability
42.0,company liable reliance information obtained software,Liability
43.0,Liability violation fair use policies limited company's policies,Liability
44.0,company shall liable damage user's reputation business,Liability
45.0,user agrees company liable changes software services,Liability
46.0,Liability breach confidentiality limited specified remedy,Liability
47.0,company liable loss user-generated content,Liability
48.0,Liability excluded breach data protection laws,Liability
49.0,user acknowledges company liable disputes third-party providers,Liability
50.0,company shall liable loss access software services due maintenance upgrades,Liability
51.0,company liable unauthorized access user's personal information,Liability
52.0,Liability breach agreement limited specified remedy,Liability
53.0,user agrees company liable actions taken enforce agreement,Liability
54.0,company liable loss access software services due network server issues,Liability
55.0,Liability excluded breach data security measures,Liability
56.0,company shall liable disputes users software services,Liability
57.0,user acknowledges company liable changes legal regulatory landscape,Liability
58.0,company liable loss access software services due user non-compliance,Liability
59.0,Liability violation usage policies limited company's policies,Liability
60.0,company liable unauthorized access user accounts,Liability
61.0,user agrees company liable loss access software services due user actions,Liability
62.0,company liable actions taken protect integrity systems,Liability
63.0,Liability excluded breach payment obligations,Liability
64.0,user acknowledges company liable disputes payment processors,Liability
65.0,company shall liable loss access software services due billing issues,Liability
67.0,company liable unauthorized access user payment information,Liability
68.0,Liability violation payment terms limited company's terms,Liability
69.0,user agrees company liable loss access software services due disputes payment processors,Liability
70.0,company liable actions taken enforce payment obligations,Liability
71.0,Liability excluded breach financial regulations,Liability
72.0,user acknowledges company liable disputes financial institutions,Liability
73.0,company shall liable loss access software services due financial disputes,Liability
74.0,company liable unauthorized access financial information,Liability
75.0,Liability violation financial terms limited company's terms,Liability
76.0,user agrees company liable loss access software services due changes financial regulations,Liability
77.0,company liable actions taken enforce financial obligations,Liability
78.0,Liability excluded breach advertising standards,Liability
79.0,user acknowledges company liable disputes advertisers,Liability
80.0,company shall liable loss access software services due advertising disputes,Liability
81.0,Liability violation advertising policies limited company's policies,Liability
82.0,user agrees company liable loss access software services due changes advertising standards,Liability
83.0,company liable actions taken enforce advertising standards,Liability
84.0,Liability excluded breach content guidelines,Liability
85.0,user acknowledges company liable disputes related content guidelines,Liability
86.0,company shall liable loss access software services due content guideline disputes,Liability
87.0,company liable unauthorized content posted users,Liability
88.0,Liability violation content guidelines limited company's policies,Liability
89.0,user agrees company liable loss access software services due changes content guidelines,Liability
90.0,company liable actions taken enforce content guidelines,Liability
91.0,user acknowledges company liable disputes related user conduct standards,Liability
92.0,company shall liable loss access software services due user conduct standard disputes,Liability
93.0,company liable unauthorized conduct users,Liability
94.0,Liability violation user conduct standards limited company's policies,Liability
95.0,user agrees company liable loss access software services due changes user conduct standards,Liability
96.0,company liable actions taken enforce user conduct standards,Liability
97.0,company shall liable loss access software services due community guideline disputes,Liability
98.0,company liable unauthorized actions users violation community guidelines,Liability
99.0,user acknowledges company liable disputes related community guidelines,Liability
100.0,company shall liable damages losses injuries arising use software services including limited indirect incidental special consequential punitive damages,Liability
,,
,,
,,
1.0,Agreement grants personal non-exclusive non-transferable license install use Software single device,Licence-grant
2.0,granted non-exclusive non-transferable license install use Software five (5) devices owned controlled,Licence-grant
3.0,Subject terms herein Agreement grants organization non-exclusive non-transferable license use Software unlimited number devices within enterprise,Licence-grant
4.0,hereby granted limited non-exclusive non-transferable license use Software trial period thirty (30) days,Licence-grant
5.0,Agreement provides subscription-based license access use Software duration subscription,Licence-grant
6.0,granted perpetual non-exclusive non-transferable license use Software indefinitely subject compliance Agreement,Licence-grant
7.0,Agreement educational institutions granted non-exclusive non-transferable license use Software educational purposes limited number devices,Licence-grant
8.0,Agreement allows use Software personal non-commercial purposes non-transferable license,Licence-grant
9.0,granted non-exclusive non-transferable license use limited version Software reduced functionality,Licence-grant
10.0,Agreement grants license use Software purpose integrating third-party applications services,Licence-grant
11.0,authorized use Software pay-as-you-go basis non-exclusive non-transferable license,Licence-grant
12.0,Agreement provides license access use Software via web-based interface,Licence-grant
13.0,may install use Software device provided total number devices exceed number licenses purchased,Licence-grant
14.0,Agreement grants license use Software mobile devices smartphones tablets,Licence-grant
15.0,granted non-exclusive non-transferable license use Software solely backup archival purposes,Licence-grant
16.0,Agreement entitles use Software testing evaluation purposes limited non-exclusive non-transferable license,Licence-grant
17.0,may use Software single server cluster servers within organization non-exclusive non-transferable license,Licence-grant
18.0,Agreement permits use Software process analyze data generated organization,Licence-grant
19.0,authorized use Software create derivative works customizations tailored specific needs,Licence-grant
20.0,Agreement allows use Software access interact external databases data sources,Licence-grant
21.0,granted non-exclusive non-transferable license use Software research development purposes,Licence-grant
22.0,Agreement provides license use Software part software-as-a-service (SaaS) offering customers,Licence-grant
23.0,may use Software create distribute software applications third parties non-exclusive non-transferable license,Licence-grant
24.0,Agreement grants license use Software virtual machines cloud-based infrastructure,Licence-grant
25.0,authorized use Software develop deploy websites web applications,Licence-grant
26.0,Agreement entitles use Software non-profit charitable purposes non-exclusive non-transferable license,Licence-grant
27.0,may use Software automate streamline business processes within organization,Licence-grant
28.0,Agreement permits use Software create publish content documents multimedia,Licence-grant
29.0,granted non-exclusive non-transferable license use Software educational instructional purposes,Licence-grant
30.0,Agreement provides license use Software graphic design multimedia production,Licence-grant
31.0,may use Software perform data analysis generate reports visualizations,Licence-grant
32.0,Agreement grants license use Software manage monitor network infrastructure devices,Licence-grant
33.0,authorized use Software cybersecurity purposes including threat detection incident response,Licence-grant
34.0,Agreement allows use Software financial analysis modeling,Licence-grant
35.0,may use Software develop test software applications mobile devices,Licence-grant
36.0,Agreement entitles use Software managing organizing personal professional contacts,Licence-grant
37.0,granted non-exclusive non-transferable license use Software content creation publishing,Licence-grant
38.0,Agreement provides license use Software customer relationship management (CRM) sales automation,Licence-grant
39.0,may use Software project management collaboration within organization,Licence-grant
40.0,Agreement permits use Software e-commerce online retail purposes,Licence-grant
41.0,authorized use Software supply chain management logistics,Licence-grant
42.0,Agreement grants license use Software inventory management control,Licence-grant
43.0,may use Software human resources personnel management,Licence-grant
44.0,Agreement entitles use Software document management electronic records keeping,Licence-grant
45.0,granted non-exclusive non-transferable license use Software legal research practice,Licence-grant
46.0,Agreement provides license use Software healthcare medical record keeping,Licence-grant
47.0,may use Software data backup disaster recovery purposes,Licence-grant
48.0,Agreement permits use Software data migration data integration,Licence-grant
49.0,authorized use Software geospatial mapping geographic information system (GIS) applications,Licence-grant
50.0,Agreement grants license use Software architectural design drafting,Licence-grant
51.0,may use Software video editing multimedia production,Licence-grant
52.0,Agreement entitles use Software audio recording music production,Licence-grant
53.0,granted non-exclusive non-transferable license use Software 3D modeling animation,Licence-grant
54.0,Agreement provides license use Software game development interactive entertainment,Licence-grant
55.0,may use Software scientific research data analysis,Licence-grant
56.0,Agreement permits use Software data visualization business intelligence,Licence-grant
57.0,authorized use Software simulation modeling purposes,Licence-grant
58.0,Agreement grants license use Software virtual reality (VR) augmented reality (AR) development,Licence-grant
59.0,may use Software artificial intelligence (AI) machine learning (ML) research development,Licence-grant
60.0,Agreement entitles use Software autonomous vehicle development testing,Licence-grant
61.0,granted non-exclusive non-transferable license use Software robotics automation,Licence-grant
62.0,Agreement provides license use Software environmental monitoring conservation,Licence-grant
63.0,may use Software energy management optimization,Licence-grant
64.0,Agreement permits use Software smart home Internet Things (IoT) applications,Licence-grant
65.0,authorized use Software industrial automation control,Licence-grant
66.0,Agreement grants license use Software aerospace defense applications,Licence-grant
67.0,may use Software telecommunications network infrastructure management,Licence-grant
68.0,Agreement entitles use Software automotive design engineering,Licence-grant
69.0,granted non-exclusive non-transferable license use Software pharmaceutical research development,Licence-grant
70.0,Agreement provides license use Software chemical materials science research,Licence-grant
71.0,may use Software food beverage production quality control,Licence-grant
72.0,Agreement permits use Software agriculture crop management,Licence-grant
73.0,authorized use Software construction civil engineering projects,Licence-grant
74.0,Agreement grants license use Software oil gas,Licence-grant
75.0,may use Software environmental natural resource management,Licence-grant
76.0,Agreement entitles use Software educational academic research,Licence-grant
77.0,granted non-exclusive non-transferable license use Software government public sector applications,Licence-grant
78.0,Agreement provides license use Software financial services banking,Licence-grant
79.0,may use Software insurance risk management,Licence-grant
80.0,Agreement permits use Software real estate property management,Licence-grant
81.0,authorized use Software retail consumer goods applications,Licence-grant
82.0,Agreement grants license use Software manufacturing production,Licence-grant
83.0,may use Software transportation logistics management,Licence-grant
84.0,Agreement entitles use Software energy utilities management,Licence-grant
85.0,granted non-exclusive non-transferable license use Software healthcare medical applications,Licence-grant
86.0,Agreement provides license use Software pharmaceutical life sciences research,Licence-grant
87.0,may use Software biotechnology genetic research,Licence-grant
88.0,Agreement permits use Software academic scientific publishing,Licence-grant
89.0,authorized use Software media entertainment production,Licence-grant
90.0,Agreement grants license use Software marketing advertising,Licence-grant
91.0,may use Software public relations corporate communications,Licence-grant
92.0,Agreement entitles use Software social media management analytics,Licence-grant
93.0,granted non-exclusive non-transferable license use Software e-learning online education,Licence-grant
94.0,Agreement provides license use Software talent management recruitment,Licence-grant
95.0,may use Software human capital management workforce planning,Licence-grant
96.0,Agreement permits use Software legal compliance management,Licence-grant
97.0,authorized use Software customer service support,Licence-grant
98.0,Agreement grants license use Software software development,Licence-grant
99.0,may use Software project portfolio management,Licence-grant
100.0,Agreement entitles use Software quality assurance testing,Licence-grant
,,
,,
1.0,Agreement states Tenant indemnifies Landlord damages rental property,Indemnities
2.0,Agreement states Manufacturer indemnifies Retailer third-party product liability claims,Indemnities
3.0,Agreement states Advertiser indemnifies Publisher claims arising false advertising,Indemnities
4.0,Agreement states Company indemnifies clients losses resulting cybersecurity breach,Indemnities
5.0,Agreement states Company indemnifies directors officers shareholder actions,Indemnities
6.0,Agreement states Tenant indemnifies Landlord cost leasehold improvements,Indemnities
7.0,Agreement states Employer indemnifies terminated employees workforce reduction,Indemnities
8.0,Agreement states Event Organizer indemnifies attendees personal injury claims,Indemnities
9.0,Agreement states Carrier indemnifies Shipper losses resulting shipping delays,Indemnities
10.0,Agreement states Law Enforcement Agency indemnifies individuals wrongfully arrested,Indemnities
11.0,Agreement states Company indemnifies regulatory agencies compliance violations,Indemnities
12.0,Agreement states Employer indemnifies clients losses due employee theft,Indemnities
13.0,Agreement states Financial Advisor indemnifies clients investment losses,Indemnities
14.0,Agreement states Financial Institution indemnifies clients losses fraudulent transactions,Indemnities
15.0,Agreement states Tenant indemnifies Landlord damages leased property,Indemnities
16.0,Agreement states Contractor indemnifies Client subcontractor actions,Indemnities
17.0,Agreement states Manufacturer indemnifies distributors product claims,Indemnities
18.0,Agreement states Business Owner indemnifies clients losses due business interruptions,Indemnities
19.0,Agreement states Vehicle Owner indemnifies passengers accidents involving vehicle,Indemnities
20.0,Agreement states Property Owner indemnifies guests damage personal property,Indemnities
21.0,Agreement states Renter indemnifies Lessor violations rental agreemen,Indemnities
22.0,Agreement states Contractor indemnifies Client negligence construction,Indemnities
23.0,Agreement states Employer indemnifies employees work-related injuries,Indemnities
24.0,Agreement states Manufacturer indemnifies customers warranty claims,Indemnities
25.0,Agreement states Service Provider indemnifies clients service interruptions,Indemnities
26.0,Agreement states Designer indemnifies clients design defects,Indemnities
27.0,Agreement states Financial Institution indemnifies clients financial losses,Indemnities
28.0,Agreement states Company indemnifies individuals privacy violations,Indemnities
29.0,Agreement states Data Controller indemnifies data subjects data privacy breaches,Indemnities
30.0,Agreement states Tenant indemnifies Landlord disputes related rental property,Indemnities
31.0,Agreement states Borrower indemnifies Lender disputes related loan agreements,Indemnities
32.0,Agreement states Content Creator indemnifies distributors intellectual property claims,Indemnities
33.0,Agreement states Professional indemnifies clients negligence claims,Indemnities
34.0,Agreement states Taxpayer indemnifies Tax Authority tax audit-related expenses,Indemnities
35.0,Agreement states Employer indemnifies employees workplace discrimination,Indemnities
36.0,Agreement states Employer indemnifies employees employment-related disputes,Indemnities
37.0,Agreement states Exporter indemnifies Government export control violations,Indemnities
38.0,Agreement states Company indemnifies regulatory agencies government investigations,Indemnities
39.0,Agreement states Borrower indemnifies Lender non-performance loan agreement,Indemnities
40.0,Agreement states Company indemnifies regulatory agencies regulatory penalties,Indemnities
41.0,Agreement states Service Provider indemnifies clients poor service quality,Indemnities
42.0,Agreement states Employer indemnifies clients employee misconduct,Indemnities
43.0,Agreement states Seller indemnifies Buyer breach warranty,Indemnities
44.0,Agreement states Licensee indemnifies Licensor intellectual property disputes,Indemnities
45.0,Agreement states Borrower indemnifies Lender repayment loan,Indemnities
46.0,Agreement states Property Owner indemnifies neighboring property owners easement violations,Indemnities
47.0,Agreement states Company indemnifies regulatory agencies non-compliance industry regulations,Indemnities
48.0,Agreement states Vendor indemnifies Customer non-performance vendor agreement,Indemnities
49.0,Agreement states Supplier indemnifies Manufacturer delays supply chain,Indemnities
50.0,Agreement states Business Owner indemnifies clients losses business opportunities,Indemnities
51.0,Agreement states Investment Advisor indemnifies clients losses due investment fraud,Indemnities
52.0,Agreement states Contractor indemnifies Property Owner construction defects,Indemnities
53.0,Agreement states Service Provider indemnifies clients service disruptions,Indemnities
54.0,Agreement states Supplier indemnifies Manufacturer product recalls,Indemnities
55.0,Agreement states Property Owner indemnifies Homeowners Association violations bylaws,Indemnities
56.0,Agreement states Tenant indemnifies Landlord breach lease terms,Indemnities
57.0,Agreement states Insurer indemnifies policyholders covered losses,Indemnities
58.0,Agreement states Content Creator indemnifies platforms content violations,Indemnities
59.0,Agreement states Developer indemnifies clients software bugs,Indemnities
60.0,Agreement states Company indemnifies third parties violations anti-bribery laws,Indemnities
61.0,Agreement states Consultant indemnifies clients incorrect advice,Indemnities
62.0,Agreement states Advertiser indemnifies advertising platforms ad campaign errors,Indemnities
63.0,Agreement states Franchisor indemnifies franchisees trademark disputes,Indemnities
64.0,Agreement states Contractor indemnifies Client property damage construction,Indemnities
65.0,Agreement states Retailer indemnifies manufacturers warranty claims,Indemnities
66.0,Agreement states Tenant indemnifies Landlord unpaid rent,Indemnities
67.0,Agreement states Property Owner indemnifies contractors construction accidents,Indemnities
68.0,Agreement states Manufacturer indemnifies retailers product recalls,Indemnities
69.0,Agreement states Service Provider indemnifies clients data breaches,Indemnities
70.0,Agreement states Consultant indemnifies clients data breaches,Indemnities
71.0,Agreement states Event Organizer indemnifies vendors event disruptions,Indemnities
72.0,Agreement states Developer indemnifies clients software vulnerabilities,Indemnities
73.0,Agreement states Company indemnifies employees workplace injuries,Indemnities
74.0,Agreement states Business Owner indemnifies clients contract breaches,Indemnities
75.0,Agreement states Supplier indemnifies Manufacturer raw material shortages,Indemnities
76.0,Agreement states Contractor indemnifies clients project delays,Indemnities
77.0,Agreement states Service Provider indemnifies clients data loss,Indemnities
78.0,Agreement states Vendor indemnifies Customer delivery delays,Indemnities
79.0,Agreement states Content Creator indemnifies platforms copyright infringements,Indemnities
80.0,Agreement states Consultant indemnifies clients misrepresentation,Indemnities
81.0,Agreement states Company indemnifies third parties environmental violations,Indemnities
82.0,Agreement states Contractor indemnifies clients property damage,Indemnities
83.0,Agreement states Retailer indemnifies manufacturers product defects,Indemnities
84.0,Agreement states Tenant indemnifies Landlord property alterations without consent,Indemnities
85.0,Agreement states Property Owner indemnifies contractors safety violations,Indemnities
86.0,Agreement states Manufacturer indemnifies retailers defective products,Indemnities
87.0,Agreement states Service Provider indemnifies clients system failures,Indemnities
88.0,Agreement states Developer indemnifies clients data breaches,Indemnities
89.0,Agreement states Business Owner indemnifies clients negligence,Indemnities
90.0,Agreement states Supplier indemnifies Manufacturer production delays,Indemnities
91.0,Agreement states Consultant indemnifies clients professional misconduct,Indemnities
92.0,Agreement states Company indemnifies employees wrongful termination,Indemnities
93.0,Agreement states Contractor indemnifies clients construction errors,Indemnities
94.0,Agreement states Vendor indemnifies Customer product defects,Indemnities
95.0,Agreement states Content Creator indemnifies platforms content inaccuracies,Indemnities
96.0,Agreement states Service Provider indemnifies clients contractual breaches,Indemnities
97.0,Agreement states Tenant indemnifies Landlord unauthorized subletting,Indemnities
98.0,Agreement states Property Owner indemnifies neighbors property boundary disputes,Indemnities
99.0,Agreement states Manufacturer indemnifies retailers shipping delays,Indemnities
100.0,Agreement states Developer indemnifies clients security breaches,Indemnities
,,
,,
,,
,,
